model,label,preset,selection_objective,decision_metric,decision_threshold,confidence_threshold,auc,accuracy,balanced_accuracy,high_conf_accuracy,coverage,calibrated_accuracy,calibrated_balanced_accuracy,calibrated_high_conf_accuracy,calibrated_high_conf_balanced_accuracy,calibrated_coverage,selection_score,signal_priority_score,accuracy_priority_score,balanced_priority_score,joint_priority_score,signal_quality
current_extra_trees,ExtraTrees (current preset),benchmark-best,joint,joint,0.55,0.71,0.7038571029951716,0.6363283048976685,0.654529141678453,0.6895326278659611,0.5203085492394529,0.6157407407407407,0.6393534002229655,0.8142857142857143,0.7232142857142857,0.16203703703703703,0.6351780737331849,0.5165150237316731,0.6523545913557364,0.6182926080103746,0.6351780737331849,0.35876972125820583
random_forest,RandomForestClassifier,benchmark-best,joint,joint,0.51,0.75,0.6663876199817477,0.6281169863735028,0.6330730466568499,0.6742769255645881,0.5459479217715745,0.6203703703703703,0.592809364548495,0.75,0.6299589603283173,0.1388888888888889,0.6125696427116643,0.5072594810986613,0.6361017699017586,0.5919463392568163,0.6125696427116643,0.36812008621051345
hist_gradient_boosting,HistGradientBoostingClassifier,benchmark-best,joint,joint,0.46,0.9,0.6114313392096361,0.6012912987634574,0.5532879967844769,0.6122218524657549,0.8758273438469448,0.6157407407407407,0.5459866220735786,0.7015706806282722,0.5806431273644388,0.44212962962962965,0.5839204471874073,0.5563729863223394,0.6132142066997538,0.5755354968492367,0.5839204471874073,0.5362006388901382
logistic_regression,LogisticRegression,benchmark-best,joint,joint,0.55,0.89,0.6504627145394919,0.5734953234877991,0.5906225480536976,0.5974282818203578,0.7584615806827542,0.5717592592592593,0.5756688963210703,0.7435897435897436,0.638095238095238,0.18055555555555555,0.5813889414650976,0.533842506811033,0.6013342715436142,0.5773960009646,0.5813889414650976,0.4531263989740505
