model,label,preset,selection_objective,decision_metric,decision_threshold,confidence_threshold,auc,accuracy,balanced_accuracy,high_conf_accuracy,coverage,calibrated_accuracy,calibrated_balanced_accuracy,calibrated_high_conf_accuracy,calibrated_high_conf_balanced_accuracy,calibrated_coverage,selection_score,signal_priority_score,accuracy_priority_score,balanced_priority_score,joint_priority_score,signal_quality
current_extra_trees,ExtraTrees (current preset),benchmark-thoughtful,joint,joint,0.53,0.72,0.7024141052150963,0.6291598458323419,0.6411686498739843,0.6831741075135438,0.5296304160364246,0.6481481481481481,0.6619286510590858,0.8679245283018868,0.7436868686868687,0.12268518518518519,0.659775970164765,0.5137483093990701,0.6803327551602049,0.636570729735416,0.659775970164765,0.36182978678771127
random_forest,RandomForestClassifier,benchmark-thoughtful,joint,joint,0.56,0.74,0.6835526138133942,0.6434616920563373,0.6464902005232287,0.6635781855900291,0.5685472156485274,0.6296296296296297,0.6418617614269788,0.8095238095238095,0.6720647773279352,0.19444444444444445,0.6405263873568132,0.5192953478108039,0.6575423150162147,0.620683275790458,0.6405263873568132,0.3772755297823128
hist_gradient_boosting,HistGradientBoostingClassifier,benchmark-thoughtful,joint,joint,0.62,0.95,0.6553247658677716,0.6285405799436956,0.5928853687862622,0.6494726880882487,0.9110362654519738,0.6319444444444444,0.5976867335562988,0.7283236994219653,0.593118794933242,0.40046296296296297,0.6188665066871116,0.6047771499439194,0.6399507615224738,0.6171794116118972,0.6188665066871116,0.5916931722689727
logistic_regression,LogisticRegression,benchmark-thoughtful,joint,joint,0.59,0.9,0.651585624664167,0.5747319693376828,0.5870782282995569,0.6031366217341828,0.7803439111365124,0.5833333333333334,0.5972686733556298,0.7407407407407407,0.65,0.1875,0.5964294654764501,0.5417675885995582,0.6114022187770436,0.5919867603115717,0.5964294654764501,0.4706539903537154
